Status,Name,Date,Contents
Hurricane,Charley,2004-08-13T10:00:00Z,"
000
WTNT51 KNHC 130958
TCEAT 
HURRICANE CHARLEY POSITION ESTIMATE
NWS TPC/NATIONAL HURRICANE CENTER MIAMI FL
6 AM EDT FRI AUG 13 2004
 
AT 6 AM EDT....1100Z...THE EYE OF HURRICANE CHARLEY WAS ESTIMATED
NEAR LATITUDE 24.0 NORTH...LONGITUDE 82.9 WEST OR ABOUT 85 MILES
WEST-SOUTHWEST OF KEY WEST FLORIDA.
 
FORECASTER AVILA
 
 
$$
"
Hurricane,Charley,2004-08-13T12:00:00Z,"
000
WTNT51 KNHC 131158
TCEAT 
HURRICANE CHARLEY POSITION ESTIMATE
NWS TPC/NATIONAL HURRICANE CENTER MIAMI FL
8 AM EDT FRI AUG 13 2004
 
AT 8 AM EDT....1200Z...THE EYE OF HURRICANE CHARLEY WAS ESTIMATED
NEAR LATITUDE 24.4 NORTH...LONGITUDE 82.9 WEST OR ABOUT 75 MILES
WEST OF KEY WEST FLORIDA.
 
FORECASTER LAWRENCE
 
 
$$
"
Hurricane,Charley,2004-08-13T14:00:00Z,"
000
WTNT51 KNHC 131356
TCEAT 
HURRICANE CHARLEY POSITION ESTIMATE
NWS TPC/NATIONAL HURRICANE CENTER MIAMI FL
10 AM EDT FRI AUG 13 2004
 
AT 10 AM EDT....1400Z...THE EYE OF HURRICANE CHARLEY WAS ESTIMATED
NEAR LATITUDE 24.9 NORTH...LONGITUDE 82.8 WEST OR ABOUT 75 MILES
WEST-NORTHWEST OF KEY WEST FLORIDA.
 
FORECASTER LAWRENCE/BROWN
 
 
$$
"
Hurricane,Charley,2004-08-13T19:00:00Z,"
000
WTNT51 KNHC 131857
TCEAT 
HURRICANE CHARLEY POSITION ESTIMATE
NWS TPC/NATIONAL HURRICANE CENTER MIAMI FL
3 PM EDT FRI AUG 13 2004
 
AT 3 PM EDT....1900Z...THE EYE OF HURRICANE CHARLEY WAS ESTIMATED
NEAR LATITUDE 26.4 NORTH...LONGITUDE 82.3 WEST OR ABOUT 25 MILES
WEST-SOUTHWEST OF FORT MYERS FLORIDA.  THIS POSITION IS ALSO ABOUT
10 MILES WEST OF THE WEST END OF SANIBEL ISLAND.
 
FORECASTER LAWRENCE/BROWN
 
 
$$
"
Hurricane,Charley,2004-08-13T20:00:00Z,"
000
WTNT51 KNHC 132001
TCEAT 
HURRICANE CHARLEY POSITION ESTIMATE
NWS TPC/NATIONAL HURRICANE CENTER MIAMI FL
4 PM EDT FRI AUG 13 2004
 
AT 4 PM EDT....2000Z...THE EYE OF HURRICANE CHARLEY WAS ESTIMATED
NEAR LATITUDE 26.7 NORTH...LONGITUDE 82.2 WEST OR ABOUT 20 MILES
WEST-NORTHWEST OF FORT MYERS FLORIDA.  THIS POSITION IS ALSO NEAR LA
COSTA ISLAND BETWEEN CAPTIVA AND BOCA GRANDE. 
 
FORECASTER LAWRENCE/BROWN
 
 
$$
"
Hurricane,Charley,2004-08-13T22:00:00Z,"
000
WTNT51 KNHC 132154
TCEAT 
HURRICANE CHARLEY POSITION ESTIMATE
NWS TPC/NATIONAL HURRICANE CENTER MIAMI FL
6 PM EDT FRI AUG 13 2004
 
AT 6 PM EDT....2200Z...THE EYE OF HURRICANE CHARLEY WAS ESTIMATED
NEAR LATITUDE 27.4 NORTH...LONGITUDE 81.9 WEST OR ABOUT 85 MILES
SOUTH-SOUTHWEST OF ORLANDO FLORIDA.  THIS POSITION IS ALSO ABOUT 15
MILES NORTH-NORTHWEST OF ARCADIA FLORIDA. 
 
FORECASTER BEVEN/COBB
 
 
$$
"
Hurricane,Charley,2004-08-14T00:00:00Z,"
000
WTNT51 KNHC 132355
TCEAT 
HURRICANE CHARLEY POSITION ESTIMATE
NWS TPC/NATIONAL HURRICANE CENTER MIAMI FL
8 PM EDT FRI AUG 13 2004
 
AT 8 PM EDT....0000Z...THE EYE OF HURRICANE CHARLEY WAS ESTIMATED
NEAR LATITUDE 28.0 NORTH...LONGITUDE 81.6 WEST OR ABOUT 40 MILES
SOUTH-SOUTHWEST OF ORLANDO FLORIDA.  THIS POSITION IS ALSO ABOUT 10
MILES EAST OF WINTER HAVEN FLORIDA. 
 
FORECASTER BEVEN/COBB
 
 
$$
"
Hurricane,Dolly,2008-07-23T07:00:00Z,"
ZCZC MIATCEAT4 ALL
TTAA00 KNHC DDHHMM
HURRICANE DOLLY TROPICAL CYCLONE POSITION ESTIMATE
NWS TPC/NATIONAL HURRICANE CENTER MIAMI FL   AL042008
200 AM CDT WED JUL 23 2008

AT 2 AM CDT THE CENTER OF HURRICANE DOLLY WAS ESTIMATED NEAR
LATITUDE 25.4 NORTH...LONGITUDE 96.3 WEST OR ABOUT 80 MILES...135
KM...EAST-SOUTHEAST OF BROWNSVILLE TEXAS.
 
$$
FORECASTER PASCH

NNNN
"
Hurricane,Dolly,2008-07-23T08:00:00Z,"
ZCZC MIATCEAT4 ALL
TTAA00 KNHC DDHHMM
HURRICANE DOLLY TROPICAL CYCLONE POSITION ESTIMATE
NWS TPC/NATIONAL HURRICANE CENTER MIAMI FL   AL042008
300 AM CDT WED JUL 23 2008

AT 3 AM CDT THE CENTER OF HURRICANE DOLLY WAS ESTIMATED NEAR
LATITUDE 25.5 NORTH...LONGITUDE 96.4 WEST OR ABOUT 75 MILES...120
KM...EAST-SOUTHEAST OF BROWNSVILLE TEXAS.
 
$$
FORECASTER PASCH

NNNN
"
Hurricane,Dolly,2008-07-23T10:00:00Z,"
ZCZC MIATCEAT4 ALL
TTAA00 KNHC DDHHMM
HURRICANE DOLLY TROPICAL CYCLONE POSITION ESTIMATE
NWS TPC/NATIONAL HURRICANE CENTER MIAMI FL   AL042008
500 AM CDT WED JUL 23 2008

AT 5 AM CDT THE CENTER OF HURRICANE DOLLY WAS ESTIMATED NEAR
LATITUDE 25.7 NORTH...LONGITUDE 96.5 WEST OR ABOUT 65 MILES...105
KM...EAST-SOUTHEAST OF BROWNSVILLE TEXAS.
 
$$
FORECASTER PASCH

NNNN
"
Hurricane,Dolly,2008-07-23T12:00:00Z,"
ZCZC MIATCEAT4 ALL
TTAA00 KNHC DDHHMM
HURRICANE DOLLY TROPICAL CYCLONE POSITION ESTIMATE
NWS TPC/NATIONAL HURRICANE CENTER MIAMI FL   AL042008
700 AM CDT WED JUL 23 2008

AT 7 AM CDT THE CENTER OF HURRICANE DOLLY WAS ESTIMATED NEAR
LATITUDE 25.9 NORTH...LONGITUDE 96.8 WEST OR ABOUT 45 MILES...70
KM...EAST OF BROWNSVILLE TEXAS.
 
$$
FORECASTER AVILA

NNNN
"
Hurricane,Dolly,2008-07-23T14:00:00Z,"
ZCZC MIATCEAT4 ALL
TTAA00 KNHC DDHHMM
HURRICANE DOLLY TROPICAL CYCLONE POSITION ESTIMATE
NWS TPC/NATIONAL HURRICANE CENTER MIAMI FL   AL042008
900 AM CDT WED JUL 23 2008

AT 9 AM CDT THE CENTER OF HURRICANE DOLLY WAS ESTIMATED NEAR
LATITUDE 25.9 NORTH...LONGITUDE 96.9 WEST OR ABOUT 40 MILES...65
KM...EAST OF BROWNSVILLE TEXAS.
 
$$
FORECASTER AVILA

NNNN
"
Hurricane,Dolly,2008-07-23T16:00:00Z,"
ZCZC MIATCEAT4 ALL
TTAA00 KNHC DDHHMM
HURRICANE DOLLY TROPICAL CYCLONE POSITION ESTIMATE
NWS TPC/NATIONAL HURRICANE CENTER MIAMI FL   AL042008
1100 AM CDT WED JUL 23 2008

AT 11 AM CDT THE CENTER OF HURRICANE DOLLY WAS ESTIMATED NEAR
LATITUDE 26.2 NORTH...LONGITUDE 97.0 WEST OR ABOUT 35 MILES...60
KM...NORTHEAST OF BROWNSVILLE TEXAS.
 
$$
FORECASTER AVILA

NNNN
"
Hurricane,Dolly,2008-07-23T18:00:00Z,"
ZCZC MIATCEAT4 ALL
TTAA00 KNHC DDHHMM
HURRICANE DOLLY TROPICAL CYCLONE POSITION ESTIMATE
NWS TPC/NATIONAL HURRICANE CENTER MIAMI FL   AL042008
100 PM CDT WED JUL 23 2008

AT 1 PM CDT THE EYE OF HURRICANE DOLLY WAS ESTIMATED NEAR
LATITUDE 26.3 NORTH...LONGITUDE 97.2 WEST...MAKING LANDFALL ON SOUTH
PADRE ISLAND...ABOUT 35 MILES...60 KM...NORTHEAST OF BROWNSVILLE
TEXAS OR 40 MILES...65 KM...EAST-SOUTHEAST OF RAYMONDVILLE.
 
$$
FORECASTER AVILA

NNNN
"
Tropical Storm,Fay,2008-08-19T16:00:00Z,"
ZCZC MIATCEAT1 ALL
TTAA00 KNHC DDHHMM CCA
TROPICAL STORM FAY TROPICAL CYCLONE POSITION ESTIMATE...CORRECTED
NWS TPC/NATIONAL HURRICANE CENTER MIAMI FL   AL062008
1200 PM EDT TUE AUG 19 2008

...CORRECTION FOR LATITUDE

AT 12 PM EDT...1600 UTC...THE CENTER OF TROPICAL STORM FAY WAS 
ESTIMATED NEAR LATITUDE 26.7 NORTH...LONGITUDE 81.3 WEST OR ABOUT
20 MILES...30 KM...SOUTHWEST OF MOORE HAVEN FLORIDA.
 

$$
FORECASTER AVILA
 
 
NNNN
"
Tropical Storm,Fay,2008-08-19T18:00:00Z,"
ZCZC MIATCEAT1 ALL
TTAA00 KNHC DDHHMM
TROPICAL STORM FAY TROPICAL CYCLONE POSITION ESTIMATE
NWS TPC/NATIONAL HURRICANE CENTER MIAMI FL   AL062008
200 PM EDT TUE AUG 19 2008

AT 2 PM EDT...1800 UTC...THE CENTER OF TROPICAL STORM FAY WAS 
ESTIMATED NEAR LATITUDE 27.0 NORTH...LONGITUDE 81.1 WEST. THIS
POSITION IS NEAR LAKEPORT FLORIDA AND ALSO ABOUT 25 MILES...40 KM...
SOUTHWEST OF OKEECHOBEE FLORIDA.
 

$$
FORECASTER STEWART/AVILA
 
 
NNNN
"
Tropical Storm,Fay,2008-08-19T20:00:00Z,"
ZCZC MIATCEAT1 ALL
TTAA00 KNHC DDHHMM
TROPICAL STORM FAY TROPICAL CYCLONE POSITION ESTIMATE
NWS TPC/NATIONAL HURRICANE CENTER MIAMI FL   AL062008
400 PM EDT TUE AUG 19 2008

AT 4 PM EDT...2000 UTC...THE CENTER OF TROPICAL STORM FAY WAS 
ESTIMATED NEAR LATITUDE 27.2 NORTH...LONGITUDE 81.1 WEST. THIS
POSITION IS ABOUT 15 MILES...25 KM...WEST OF OKEECHOBEE FLORIDA.
 

$$
FORECASTER STEWART/AVILA
 
 
NNNN
"
Tropical Storm,Fay,2008-08-19T22:00:00Z,"
ZCZC MIATCEAT1 ALL
TTAA00 KNHC DDHHMM
TROPICAL STORM FAY TROPICAL CYCLONE POSITION ESTIMATE
NWS TPC/NATIONAL HURRICANE CENTER MIAMI FL   AL062008
600 PM EDT TUE AUG 19 2008

AT 6 PM EDT...2200 UTC...THE CENTER OF TROPICAL STORM FAY WAS 
ESTIMATED NEAR LATITUDE 27.4 NORTH...LONGITUDE 80.9 WEST. THIS
POSITION IS ABOUT 50 MILES...85 KM...SOUTH-SOUTHWEST OF MELBOURNE
FLORIDA.

$$
FORECASTER PASCH/RHOME
 
NNNN
"
Tropical Storm,Fay,2008-08-20T00:00:00Z,"
ZCZC MIATCEAT1 ALL
TTAA00 KNHC DDHHMM
TROPICAL STORM FAY TROPICAL CYCLONE POSITION ESTIMATE
NWS TPC/NATIONAL HURRICANE CENTER MIAMI FL   AL062008
800 PM EDT TUE AUG 19 2008

AT 8 PM EDT...0000 UTC...THE CENTER OF TROPICAL STORM FAY WAS 
ESTIMATED NEAR LATITUDE 27.5 NORTH...LONGITUDE 80.9 WEST.  THIS
POSITION IS ABOUT 45 MILES...75 KM...SOUTH-SOUTHWEST OF MELBOURNE
FLORIDA.

$$
FORECASTER PASCH
 
NNNN
"
Tropical Storm,Fay,2008-08-20T02:00:00Z,"
ZCZC MIATCEAT1 ALL
TTAA00 KNHC DDHHMM
TROPICAL STORM FAY TROPICAL CYCLONE POSITION ESTIMATE
NWS TPC/NATIONAL HURRICANE CENTER MIAMI FL   AL062008
1000 PM EDT TUE AUG 19 2008

AT 10 PM EDT...0200 UTC...THE CENTER OF TROPICAL STORM FAY WAS 
ESTIMATED NEAR LATITUDE 27.6 NORTH...LONGITUDE 80.7 WEST.  THIS
POSITION IS ABOUT 35 MILES...55 KM...SOUTH-SOUTHWEST OF MELBOURNE
FLORIDA.

$$
FORECASTER PASCH/RHOME
 
NNNN
"
Hurricane,Gustav,2008-09-01T07:00:00Z,"
ZCZC MIATCEAT2 ALL
TTAA00 KNHC DDHHMM
HURRICANE GUSTAV TROPICAL CYCLONE POSITION ESTIMATE
NWS TPC/NATIONAL HURRICANE CENTER MIAMI FL   AL072008
200 AM CDT MON SEP 01 2008

AT 2 AM CDT...0700 UTC...THE CENTER OF HURRICANE GUSTAV WAS
ESTIMATED NEAR LATITUDE 28.1 NORTH...LONGITUDE 89.1 WEST OR ABOUT
145 MILES...235 KM...SOUTH-SOUTHEAST OF NEW ORLEANS LOUISIANA AND
ABOUT 95 MILES...155 KM...SOUTHEAST OF PORT FOURCHON LOUISIANA. 
 
$$
FORECASTER PASCH/BERG
 
 
NNNN
"
Hurricane,Gustav,2008-09-01T08:00:00Z,"
ZCZC MIATCEAT2 ALL
TTAA00 KNHC DDHHMM
HURRICANE GUSTAV TROPICAL CYCLONE POSITION ESTIMATE
NWS TPC/NATIONAL HURRICANE CENTER MIAMI FL   AL072008
300 AM CDT MON SEP 01 2008

AT 3 AM CDT...0800 UTC...THE CENTER OF HURRICANE GUSTAV WAS
ESTIMATED NEAR LATITUDE 28.3 NORTH...LONGITUDE 89.3 WEST OR ABOUT
125 MILES...205 KM...SOUTH-SOUTHEAST OF NEW ORLEANS LOUISIANA AND
ABOUT 80 MILES...125 KM...SOUTHEAST OF PORT FOURCHON LOUISIANA. 
 
$$
FORECASTER PASCH/BERG
 
 
NNNN
"
Hurricane,Gustav,2008-09-01T09:00:00Z,"
ZCZC MIATCEAT2 ALL
TTAA00 KNHC DDHHMM
HURRICANE GUSTAV TROPICAL CYCLONE POSITION ESTIMATE
NWS TPC/NATIONAL HURRICANE CENTER MIAMI FL   AL072008
400 AM CDT MON SEP 01 2008
 
              ...WARNING...
...HEADER INFORMATION WAS OBTAINED FROM THE
...LAST OFFICIAL FORECAST FILE. CHECK THE
...HEADER BLOCK CAREFULLY, ESPECIALLY THE
...SYSTEM STATUS AND THE TIME-DATE LINE
 
 
******** TCE EXAMPLE ********
 
AT 11 AM EDT THE CENTER OF HURRICANE GLORIA
WAS ESTIMATED NEAR LATITUDE 40.6 NORTH...
LONGITUDE 73.2 WEST OR ABOUT 25 MILES SOUTH OF
FIRE ISLAND NEW YORK.
 
******** END EXAMPLE ********
 
 
$$
FORECASTER [YOUR LAST NAME]
 
 
NNNN
"
Hurricane,Gustav,2008-09-01T10:00:00Z,"
ZCZC MIATCEAT2 ALL
TTAA00 KNHC DDHHMM
HURRICANE GUSTAV TROPICAL CYCLONE POSITION ESTIMATE
NWS TPC/NATIONAL HURRICANE CENTER MIAMI FL   AL072008
500 AM CDT MON SEP 01 2008

AT 5 AM CDT...1000 UTC...THE CENTER OF HURRICANE GUSTAV WAS
ESTIMATED NEAR LATITUDE 28.6 NORTH...LONGITUDE 89.8 WEST OR ABOUT
100 MILES...160 KM...SOUTH OF NEW ORLEANS LOUISIANA AND
ABOUT 40 MILES...70 KM...SOUTHEAST OF PORT FOURCHON LOUISIANA. 

WITHIN THE PAST HOUR...A STATION IN SOUTHWEST PASS LOUISIANA
REPORTED A SUSTAINED WIND OF 91 MPH...147 KM/HR WITH A GUST TO 117
MPH...189 KM/HR...AT AN ELEVATION OF 79 FEET ABOVE SEA LEVEL.
 
$$
FORECASTER PASCH/BERG
 
NNNN
"
Hurricane,Gustav,2008-09-01T12:00:00Z,"
ZCZC MIATCEAT2 ALL
TTAA00 KNHC DDHHMM
HURRICANE GUSTAV TROPICAL CYCLONE POSITION ESTIMATE
NWS TPC/NATIONAL HURRICANE CENTER MIAMI FL   AL072008
700 AM CDT MON SEP 01 2008

AT 7 AM CDT...1200 UTC...THE CENTER OF HURRICANE GUSTAV WAS
ESTIMATED NEAR LATITUDE 28.8 NORTH...LONGITUDE 90.3 WEST OR ABOUT
85 MILES...135 KM...SOUTH OF NEW ORLEANS LOUISIANA AND
ABOUT 20 MILES...35 KM...SOUTH-SOUTHWEST OF PORT FOURCHON LOUISIANA. 

THE NATIONAL OCEAN SERVICE STATION AT GRAND ISLE LOUISIANA RECENTLY
REPORTED SUSTAINED WINDS OF 67 MPH...108 KM/HR...WITH A GUST TO 86
MPH...139 KM/HR.

$$
FORECASTER BEVEN
 
NNNN
"
Hurricane,Gustav,2008-09-01T14:00:00Z,"
ZCZC MIATCEAT2 ALL
TTAA00 KNHC DDHHMM
HURRICANE GUSTAV TROPICAL CYCLONE POSITION ESTIMATE
NWS TPC/NATIONAL HURRICANE CENTER MIAMI FL   AL072008
900 AM CDT MON SEP 01 2008

AT 9 AM CDT...1200 UTC...THE CENTER OF HURRICANE GUSTAV WAS
ESTIMATED NEAR LATITUDE 29.0 NORTH...LONGITUDE 90.5 WEST OR ABOUT
75 MILES...135 KM...SOUTH OF NEW ORLEANS LOUISIANA AND
ABOUT 15 MILES...35 KM...SOUTH-SOUTHEAST OF COCODRIE LOUISIANA. 

DURING THE LAST HOUR...THE NAVAL AIR STATION AT BELLE CHASSE
LOUISIANA REPORTED A WIND GUST OF 73 MPH...117 KM/HR.

$$
FORECASTER BEVEN
 
NNNN
"
Hurricane,Gustav,2008-09-01T16:00:00Z,"
ZCZC MIATCEAT2 ALL
TTAA00 KNHC DDHHMM
HURRICANE GUSTAV TROPICAL CYCLONE POSITION ESTIMATE
NWS TPC/NATIONAL HURRICANE CENTER MIAMI FL   AL072008
1100 AM CDT MON SEP 01 2008

AT 11 AM CDT...1600 UTC...THE CENTER OF HURRICANE GUSTAV WAS
ESTIMATED NEAR LATITUDE 29.4 NORTH...LONGITUDE 91.0 WEST OR ABOUT
70 MILES...110 KM...SOUTH OF NEW ORLEANS LOUISIANA AND
ABOUT 25 MILES...40 KM...WEST-NORTHWEST OF COCODRIE LOUISIANA. 

DURING THE LAST HOUR...THE NATIONAL OCEAN SERVICE AUTOMATED STATION
AT SHELL BEACH LOUISIANA REPORTED A WIND GUST OF 71 MPH...
115 KM/HR.

$$
FORECASTER BEVEN
 
NNNN
"
Hurricane,Gustav,2008-09-01T18:00:00Z,"
ZCZC MIATCEAT2 ALL
TTAA00 KNHC DDHHMM
HURRICANE GUSTAV TROPICAL CYCLONE POSITION ESTIMATE
NWS TPC/NATIONAL HURRICANE CENTER MIAMI FL   AL072008
100 PM CDT MON SEP 01 2008

AT 1 PM CDT...1800 UTC...THE CENTER OF HURRICANE GUSTAV WAS
ESTIMATED NEAR LATITUDE 29.7 NORTH...LONGITUDE 91.3 WEST OR ABOUT
55 MILES...90 KM...SOUTHEAST OF LAFAYETTE LOUISIANA AND NEAR MORGAN
CITY LOUISIANA.

DURING THE LAST HOUR...THE NATIONAL OCEAN SERVICE AUTOMATED STATION
AT AMERADA PASS LOUISIANA REPORTED SUSTAINED WINDS OF 61 MPH...98
KM/HR...AND A WIND GUST OF 82 MPH...132 KM/HR.

$$
FORECASTER BEVEN
 
NNNN
"
Hurricane,Gustav,2008-09-01T20:00:00Z,"
ZCZC MIATCEAT2 ALL
TTAA00 KNHC DDHHMM
HURRICANE GUSTAV TROPICAL CYCLONE POSITION ESTIMATE
NWS TPC/NATIONAL HURRICANE CENTER MIAMI FL   AL072008
300 PM CDT MON SEP 01 2008

AT 3 PM CDT...2000 UTC...THE CENTER OF HURRICANE GUSTAV WAS
ESTIMATED NEAR LATITUDE 30.2 NORTH...LONGITUDE 91.7 WEST OR ABOUT
20 MILES...30 KM...EAST OF LAFAYETTE LOUISIANA.

DURING THE LAST HOUR...BATON ROUGE LOUISIANA REPORTED SUSTAINED
WINDS OF 56 MPH...91 KM/HR...WITH A GUST OF 91 MPH...146 KM/HR.

$$
FORECASTER BEVEN
 
NNNN
"
Hurricane,Ike,2008-09-12T22:00:00Z,"
ZCZC MIATCEAT4 ALL
TTAA00 KNHC DDHHMM
HURRICANE IKE TROPICAL CYCLONE POSITION ESTIMATE
NWS TPC/NATIONAL HURRICANE CENTER MIAMI FL   AL092008
500 PM CDT FRI SEP 12 2008

AT 5 PM CDT...2200Z...THE CENTER OF LARGE HURRICANE IKE WAS
ESTIMATED BY NOAA DOPPLER WEATHER RADARS AND AN AIR FORCE RESERVE
RECONNAISSANCE AIRCRAFT TO BE NEAR LATITUDE 28.2 NORTH...LONGITUDE
73.8 WEST OR ABOUT 100 MILES...160 KM...SOUTHEAST OF GALVESTON
TEXAS. 
 
$$
FORECASTER STEWART
 
 
NNNN
"
Hurricane,Ike,2008-09-12T22:00:00Z,"
ZCZC MIATCEAT4 ALL
TTAA00 KNHC DDHHMM CCA
HURRICANE IKE TROPICAL CYCLONE POSITION ESTIMATE...CORRECTED
NWS TPC/NATIONAL HURRICANE CENTER MIAMI FL   AL092008
500 PM CDT FRI SEP 12 2008

...RE-TRANMISTTED FOR CORRECTED LONGITUDE

AT 5 PM CDT...2200Z...THE CENTER OF LARGE HURRICANE IKE WAS
ESTIMATED BY NOAA DOPPLER WEATHER RADARS AND AN AIR FORCE RESERVE
RECONNAISSANCE AIRCRAFT TO BE NEAR LATITUDE 28.2 NORTH...LONGITUDE
93.8 WEST OR ABOUT 100 MILES...160 KM...SOUTHEAST OF GALVESTON
TEXAS. 
 
$$
FORECASTER STEWART
 
 
NNNN
"
Hurricane,Ike,2008-09-13T00:00:00Z,"
ZCZC MIATCEAT4 ALL
TTAA00 KNHC DDHHMM
HURRICANE IKE TROPICAL CYCLONE POSITION ESTIMATE
NWS TPC/NATIONAL HURRICANE CENTER MIAMI FL   AL092008
700 PM CDT FRI SEP 12 2008

AT 7 PM CDT...0000Z...THE CENTER OF LARGE HURRICANE IKE WAS
ESTIMATED BY NOAA DOPPLER WEATHER RADARS...AND AIR FORCE RESERVE AND
NOAA RECONNAISSANCE AIRCRAFT...TO BE NEAR LATITUDE 28.3 NORTH...
LONGITUDE 94.0 WEST OR ABOUT 85 MILES...140 KM...SOUTHEAST OF
GALVESTON TEXAS OR ABOUT 100 MILES...160 KM...SOUTH OF BEAUMONT
TEXAS. 
 
$$
FORECASTER STEWART
 
 
NNNN
"
Hurricane,Ike,2008-09-13T02:00:00Z,"
ZCZC MEATIEST4 ALL
TTAA00 KNHC DDHHMM
HURRICANE IKE TROPICAL CYCLONE POSITION ESTIMATE
NWS TPC/NATIONAL HURRICANE CENTER MIAMI FL   AL092008
900 PM CDT FRI SEP 12 2008

AT 9 PM CDT...0200Z...THE CENTER OF LARGE HURRICANE IKE WAS
ESTIMATED BY NOAA DOPPLER WEATHER RADARS...AND AIR FORCE RESERVE AND
NOAA RECONNAISSANCE AIRCRAFT...TO BE NEAR LATITUDE 28.5 NORTH...
LONGITUDE 94.3 WEST OR ABOUT 65 MILES...105 KM...SOUTH-SOUTHEAST OF
GALVESTON TEXAS AND ABOUT 90 MILES...140 KM...SOUTH-SOUTHWEST OF
BEAUMONT TEXAS. 
 
$$
FORECASTER STEWART
 
 
NNNN
"
Hurricane,Ike,2008-09-13T02:00:00Z,"
ZCZC MIATCEAT4 ALL
TTAA00 KNHC DDHHMM
HURRICANE IKE TROPICAL CYCLONE POSITION ESTIMATE
NWS TPC/NATIONAL HURRICANE CENTER MIAMI FL   AL092008
900 PM CDT FRI SEP 12 2008

AT 9 PM CDT...0200Z...THE CENTER OF LARGE HURRICANE IKE WAS
ESTIMATED BY NOAA DOPPLER WEATHER RADARS...AND AIR FORCE RESERVE AND
NOAA RECONNAISSANCE AIRCRAFT...TO BE NEAR LATITUDE 28.5 NORTH...
LONGITUDE 94.3 WEST OR ABOUT 65 MILES...105 KM...SOUTH-SOUTHEAST OF
GALVESTON TEXAS AND ABOUT 90 MILES...140 KM...SOUTH-SOUTHWEST OF
BEAUMONT TEXAS. 
 
$$
FORECASTER STEWART
 
 
NNNN
"
Hurricane,Ike,2008-09-13T02:00:00Z,"
ZCZC MIATCEAT4 ALL
TTAA00 KNHC DDHHMM CCA
HURRICANE IKE TROPICAL CYCLONE POSITION ESTIMATE...CORRECTED
NWS TPC/NATIONAL HURRICANE CENTER MIAMI FL   AL092008
900 PM CDT FRI SEP 12 2008

CORRECTED FOR HEADER INFORMATION

AT 9 PM CDT...0200Z...THE CENTER OF LARGE HURRICANE IKE WAS
ESTIMATED BY NOAA DOPPLER WEATHER RADARS...AND AIR FORCE RESERVE AND
NOAA RECONNAISSANCE AIRCRAFT...TO BE NEAR LATITUDE 28.5 NORTH...
LONGITUDE 94.3 WEST OR ABOUT 65 MILES...105 KM...SOUTH-SOUTHEAST OF
GALVESTON TEXAS AND ABOUT 90 MILES...140 KM...SOUTH-SOUTHWEST OF
BEAUMONT TEXAS. 
 
$$
FORECASTER STEWART
 
 
NNNN
"
Hurricane,Ike,2008-09-13T04:00:00Z,"
ZCZC MIATCEAT4 ALL
TTAA00 KNHC DDHHMM
HURRICANE IKE TROPICAL CYCLONE POSITION ESTIMATE
NWS TPC/NATIONAL HURRICANE CENTER MIAMI FL   AL092008
1100 PM CDT FRI SEP 12 2008

AT 11 PM CDT...0400Z...THE CENTER OF LARGE HURRICANE IKE WAS
ESTIMATED BY NOAA DOPPLER WEATHER RADARS...AND BY NOAA AND AIR FORCE
RESERVE UNIT RECONNAISSANCE AIRCRAFT...TO BE NEAR LATITUDE 28.7
NORTH...LONGITUDE 94.5 WEST OR ABOUT 45 MILES...75 KM...
SOUTH-SOUTHEAST OF GALVESTON TEXAS.
 
$$
FORECASTER STEWART
 
 
NNNN
"
Hurricane,Ike,2008-09-13T06:00:00Z,"
ZCZC MIATCEAT4 ALL
TTAA00 KNHC DDHHMM
HURRICANE IKE TROPICAL CYCLONE POSITION ESTIMATE
NWS TPC/NATIONAL HURRICANE CENTER MIAMI FL   AL092008
100 AM CDT SAT SEP 13 2008

AT 1 AM CDT...0600Z...THE CENTER OF LARGE HURRICANE IKE WAS
ESTIMATED BY NOAA DOPPLER WEATHER RADAR TO BE NEAR LATITUDE 29.0
NORTH...LONGITUDE 94.7 WEST OR ABOUT 20 MILES...35 KM...
SOUTH-SOUTHEAST OF GALVESTON TEXAS.  THE NORTHWESTERN PORTION OF THE
EYE SHOULD BE MOVING OVER THE GALVESTON AREA IN THE NEXT HOUR OR
TWO.

THE NATIONAL OCEAN SURFACE STATION AT THE GALVESTON PLEASURE PIER
RECENTLY REPORTED A WIND GUST OF 85 MPH...137 KM/HR.
 
$$
FORECASTER BEVEN
 
 
NNNN
"
Hurricane,Ike,2008-09-13T08:00:00Z,"
ZCZC MIATCEAT4 ALL
TTAA00 KNHC DDHHMM
HURRICANE IKE TROPICAL CYCLONE POSITION ESTIMATE
NWS TPC/NATIONAL HURRICANE CENTER MIAMI FL   AL092008
300 AM CDT SAT SEP 13 2008

AT 3 AM CDT...0800Z...THE CENTER OF LARGE HURRICANE IKE WAS
ESTIMATED BY NOAA DOPPLER WEATHER RADAR AND SURFACE OBSERVATIONS TO
BE NEAR LATITUDE 29.5 NORTH...LONGITUDE 94.9 WEST OR NEAR SAN LEON
TEXAS.  THIS IS ALSO ABOUT 15 MILES...25 KM...NORTH-NORTHWEST OF
GALVESTON TEXAS.

$$
FORECASTER BEVEN
 
 
NNNN
"
Hurricane,Ike,2008-09-13T10:00:00Z,"
ZCZC MIATCEAT4 ALL
TTAA00 KNHC DDHHMM
HURRICANE IKE TROPICAL CYCLONE POSITION ESTIMATE
NWS TPC/NATIONAL HURRICANE CENTER MIAMI FL   AL092008
500 AM CDT SAT SEP 13 2008

AT 5 AM CDT...1000Z...THE CENTER OF HURRICANE IKE WAS ESTIMATED BY
NOAA DOPPLER WEATHER RADAR TO BE NEAR LATITUDE 29.9 NORTH...
LONGITUDE 95.0 WEST OR NEAR MONT BELVIEU TEXAS.  THIS IS ALSO ABOUT
20 MILES...30 KM... EAST-SOUTHEAST OF HOUSTON INTERCONTINENTAL
AIRPORT. 


$$
FORECASTER BEVEN
 
 
NNNN
"
Hurricane,Ike,2008-09-13T12:00:00Z,"
ZCZC MIATCEAT4 ALL
TTAA00 KNHC DDHHMM
HURRICANE IKE TROPICAL CYCLONE POSITION ESTIMATE
NWS TPC/NATIONAL HURRICANE CENTER MIAMI FL   AL092008
700 AM CDT SAT SEP 13 2008

AT 7 AM CDT...1200Z...THE CENTER OF HURRICANE IKE WAS ESTIMATED BY
NOAA DOPPLER WEATHER RADARS TO BE NEAR LATITUDE 30.3 NORTH...
LONGITUDE 95.3 WEST OR NEAR CONROE TEXAS.  THIS IS ALSO ABOUT
70 MILES...115 KM...SOUTH-SOUTHWEST OF LUFKIN TEXAS.


$$
FORECASTER STEWART
 
 
NNNN
"
Hurricane,Omar,2008-10-16T16:00:00Z,"
ZCZC MIATCEAT5 ALL
TTAA00 KNHC DDHHMM
HURRICANE OMAR TROPICAL CYCLONE POSITION ESTIMATE
NWS TPC/NATIONAL HURRICANE CENTER MIAMI FL   AL152008
1200 AM AST THU OCT 16 2008
AT 12 AM AST...0400 UTC...THE CENTER OF HURRICANE OMAR WAS ESTIMATED
NEAR LATITUDE 17.7 NORTH...LONGITUDE 64.4 WEST OR ABOUT 25 MILES
EAST OF ST. CROIX IN THE U.S. VIRGIN ISLANDS.
 
$$
FORECASTER AVILA
 
 
NNNN
"
Hurricane,Omar,2008-10-16T06:00:00Z,"
ZCZC MIATCEAT5 ALL
TTAA00 KNHC DDHHMM
HURRICANE OMAR TROPICAL CYCLONE POSITION ESTIMATE
NWS TPC/NATIONAL HURRICANE CENTER MIAMI FL   AL152008
200 AM AST THU OCT 16 2008


AT 200 AM AST...0600 UTC...THE CENTER OF HURRICANE OMAR WAS
ESTIMATED NEAR LATITUDE 18.2 NORTH...LONGITUDE 63.9 WEST OR ABOUT
70 MILES WEST OF ST. MAARTEN IN THE NORTHERN LEEWARD ISLANDS.
 
$$
FORECASTER AVILA
 
 
NNNN
"
Hurricane,Omar,2008-10-16T08:00:00Z,"
ZCZC MIATCEAT5 ALL
TTAA00 KNHC DDHHMM
HURRICANE OMAR TROPICAL CYCLONE POSITION ESTIMATE
NWS TPC/NATIONAL HURRICANE CENTER MIAMI FL   AL152008
400 AM AST THU OCT 16 2008


AT 400 AM AST...0800 UTC...THE CENTER OF HURRICANE OMAR WAS
ESTIMATED NEAR LATITUDE 18.7 NORTH...LONGITUDE 63.4 WEST OR ABOUT
50 MILES...85 KM...NORTH-NORTHWEST OF ST. MAARTEN IN THE NORTHERN
LEEWARD ISLANDS.
 
$$
FORECASTER BLAKE/AVILA
 
 
NNNN
"
Hurricane,Alex,2010-06-30T22:00:00Z,"
ZCZC MIATCEAT1 ALL
TTAA00 KNHC DDHHMM
HURRICANE ALEX TROPICAL CYCLONE POSITION ESTIMATE
NWS TPC/NATIONAL HURRICANE CENTER MIAMI FL   AL012010
500 PM CDT WED JUN 30 2010
 
AT 5 PM CDT THE CENTER OF HURRICANE ALEX WAS ESTIMATED NEAR LATITUDE
24.4 NORTH...LONGITUDE 97.1 WEST OR ABOUT 60 MILES...95 KM...
NORTHEAST OF LA PESCA MEXICO AND ABOUT 105 MILES...170 KM...
SOUTH-SOUTHEAST OF BROWNSVILLE TEXAS.
 
$$
FORECASTER PASCH/BERG
 
 
NNNN
"
Hurricane,Alex,2010-07-01T00:00:00Z,"
ZCZC MIATCEAT1 ALL
TTAA00 KNHC DDHHMM
HURRICANE ALEX TROPICAL CYCLONE POSITION ESTIMATE
NWS TPC/NATIONAL HURRICANE CENTER MIAMI FL   AL012010
700 PM CDT WED JUN 30 2010
 
AT 7 PM CDT THE CENTER OF HURRICANE ALEX WAS ESTIMATED NEAR LATITUDE
24.4 NORTH...LONGITUDE 97.3 WEST OR ABOUT 50 MILES...85 KM...
NORTHEAST OF LA PESCA MEXICO AND ABOUT 105 MILES...170 KM...SOUTH
OF BROWNSVILLE TEXAS.  THIS POSITION IS ALSO ABOUT 25 MILES...40
KM...EAST OF THE COAST OF NORTHEASTERN MEXICO.
 
$$
FORECASTER PASCH/BERG
 
NNNN
"
Hurricane,Alex,2010-07-01T00:00:00Z,"
ZCZC MIATCEAT1 ALL
TTAA00 KNHC DDHHMM
HURRICANE ALEX TROPICAL CYCLONE POSITION ESTIMATE
NWS TPC/NATIONAL HURRICANE CENTER MIAMI FL   AL012010
700 PM CDT WED JUN 30 2010
 
AT 9 PM CDT THE CENTER OF HURRICANE ALEX WAS ESTIMATED NEAR LATITUDE
24.3 NORTH...LONGITUDE 97.7 WEST.  THIS POSITION IS ON THE COAST OF
NORTHEASTERN MEXICO ABOUT 110 MILES...180 KM...SOUTH OF BROWNSVILLE
TEXAS.
 
$$
FORECASTER PASCH/BERG
 
NNNN
"
Hurricane,Alex,2010-07-01T02:00:00Z,"
ZCZC MIATCEAT1 ALL
TTAA00 KNHC DDHHMM CCA
HURRICANE ALEX TROPICAL CYCLONE POSITION ESTIMATE
NWS TPC/NATIONAL HURRICANE CENTER MIAMI FL   AL012010
900 PM CDT WED JUN 30 2010
 
CORRECTED FOR TIME IN HEADER

AT 9 PM CDT THE CENTER OF HURRICANE ALEX WAS ESTIMATED NEAR LATITUDE
24.3 NORTH...LONGITUDE 97.7 WEST.  THIS POSITION IS ON THE COAST OF
NORTHEASTERN MEXICO ABOUT 110 MILES...180 KM...SOUTH OF BROWNSVILLE
TEXAS.
 
$$
FORECASTER PASCH/BERG
 
NNNN
"
Hurricane,Earl,2010-08-30T16:00:00Z,"
ZCZC MIATCEAT2 ALL
TTAA00 KNHC DDHHMM
HURRICANE EARL TROPICAL CYCLONE POSITION ESTIMATE
NWS TPC/NATIONAL HURRICANE CENTER MIAMI FL   AL072010
1200 PM AST MON AUG 30 2010

AT 12 PM AST THE CENTER OF HURRICANE EARL WAS ESTIMATED FROM SAN
JUAN DOPPLER RADAR NEAR LATITUDE 18.8 NORTH...LONGITUDE 63.7 WEST
OR ABOUT 90 MILES...145 KM EAST-NORTHEAST OF ST. THOMAS AND 160
MILES...255 KM EAST OF SAN JUAN PUERTO RICO.
   
$$
FORECASTER BROWN/BERG
 
 
NNNN
"
Hurricane,Earl,2010-08-30T18:00:00Z,"
ZCZC MIATCEAT2 ALL
TTAA00 KNHC DDHHMM
HURRICANE EARL TROPICAL CYCLONE POSITION ESTIMATE
NWS TPC/NATIONAL HURRICANE CENTER MIAMI FL   AL072010
200 PM AST MON AUG 30 2010

AT 2 PM AST THE CENTER OF HURRICANE EARL WAS ESTIMATED FROM SAN
JUAN DOPPLER RADAR NEAR LATITUDE 19.0 NORTH...LONGITUDE 64.2 WEST
OR ABOUT 65 MILES...105 KM NORTHEAST OF ST. THOMAS AND 130 MILES...
210 KM EAST-NORTHEAST OF SAN JUAN PUERTO RICO.
   
$$
FORECASTER BROWN/BERG
 
 
NNNN
"
Hurricane,Earl,2010-08-30T20:00:00Z,"
ZCZC MIATCEAT2 ALL
TTAA00 KNHC DDHHMM
HURRICANE EARL TROPICAL CYCLONE POSITION ESTIMATE
NWS TPC/NATIONAL HURRICANE CENTER MIAMI FL   AL072010
400 PM AST MON AUG 30 2010

AT 4 PM AST...THE CENTER OF HURRICANE EARL WAS ESTIMATED FROM SAN
JUAN DOPPLER RADAR NEAR LATITUDE 19.2 NORTH...LONGITUDE 64.5 WEST
OR ABOUT 120 MILES...190 KM...EAST-NORTHEAST OF SAN JUAN PUERTO
RICO.
   
$$
FORECASTER BROWN/BERG
 
 
NNNN
"
Hurricane,Earl,2010-08-30T22:00:00Z,"
ZCZC MIATCEAT2 ALL
TTAA00 KNHC DDHHMM
HURRICANE EARL TROPICAL CYCLONE POSITION ESTIMATE
NWS TPC/NATIONAL HURRICANE CENTER MIAMI FL   AL072010
600 PM AST MON AUG 30 2010

AT 6 PM AST...THE CENTER OF HURRICANE EARL WAS ESTIMATED FROM SAN
JUAN DOPPLER RADAR NEAR LATITUDE 19.4 NORTH...LONGITUDE 65.0 WEST
OR ABOUT 100 MILES...160 KM...NORTHEAST OF SAN JUAN PUERTO RICO.
   
$$
FORECASTER PASCH/KIMBERLAIN
 
 
NNNN
"
Hurricane,Earl,2010-08-31T00:00:00Z,"
ZCZC MIATCEAT2 ALL
TTAA00 KNHC DDHHMM
HURRICANE EARL TROPICAL CYCLONE POSITION ESTIMATE
NWS TPC/NATIONAL HURRICANE CENTER MIAMI FL   AL072010
800 PM AST MON AUG 30 2010

AT 8 PM AST...THE CENTER OF HURRICANE EARL WAS ESTIMATED FROM SAN
JUAN DOPPLER RADAR NEAR LATITUDE 19.6 NORTH...LONGITUDE 65.2 WEST
OR ABOUT 100 MILES...165 KM...NORTHEAST OF SAN JUAN PUERTO RICO.
   
$$
FORECASTER PASCH/KIMBERLAIN
 
 
NNNN
"
Hurricane,Earl,2010-08-31T00:00:00Z,"
ZCZC MIATCEAT2 ALL
TTAA00 KNHC DDHHMM
HURRICANE EARL TROPICAL CYCLONE POSITION ESTIMATE
NWS TPC/NATIONAL HURRICANE CENTER MIAMI FL   AL072010
800 PM AST MON AUG 30 2010

AT 10 PM AST...THE CENTER OF HURRICANE EARL WAS ESTIMATED FROM SAN
JUAN DOPPLER RADAR NEAR LATITUDE 19.8 NORTH...LONGITUDE 65.6 WEST
OR ABOUT 100 MILES...165 KM...NORTH-NORTHEAST OF SAN JUAN PUERTO
RICO.
   
$$
FORECASTER PASCH/KIMBERLAIN
 
 
NNNN
"
Hurricane,Earl,2010-08-31T16:00:00Z,"
ZCZC MIATCEAT2 ALL
TTAA00 KNHC DDHHMM
HURRICANE EARL TROPICAL CYCLONE POSITION ESTIMATE
NWS TPC/NATIONAL HURRICANE CENTER MIAMI FL   AL072010
1200 AM AST TUE AUG 31 2010

AT 12 AM AST...THE CENTER OF HURRICANE EARL WAS ESTIMATED FROM SAN
JUAN DOPPLER RADAR NEAR LATITUDE 19.9 NORTH...LONGITUDE 66.1 WEST
OR ABOUT 105 MILES...170 KM...NORTH OF SAN JUAN PUERTO RICO.
   
$$
FORECASTER BEVEN
 
 
NNNN
"
Hurricane,Earl,2010-08-31T06:00:00Z,"
ZCZC MIATCEAT2 ALL
TTAA00 KNHC DDHHMM
HURRICANE EARL TROPICAL CYCLONE POSITION ESTIMATE
NWS TPC/NATIONAL HURRICANE CENTER MIAMI FL   AL072010
200 AM AST TUE AUG 31 2010

AT 2 AM AST...THE CENTER OF HURRICANE EARL WAS ESTIMATED FROM SAN
JUAN DOPPLER RADAR NEAR LATITUDE 20.0 NORTH...LONGITUDE 66.3 WEST
OR ABOUT 110 MILES...175 KM...NORTH OF SAN JUAN PUERTO RICO.
   
$$
FORECASTER BEVEN
 
 
NNNN
"
Hurricane,Earl,2010-08-31T08:00:00Z,"
ZCZC MIATCEAT2 ALL
TTAA00 KNHC DDHHMM
HURRICANE EARL TROPICAL CYCLONE POSITION ESTIMATE
NWS TPC/NATIONAL HURRICANE CENTER MIAMI FL   AL072010
400 AM AST TUE AUG 31 2010

AT 4 AM AST...THE CENTER OF HURRICANE EARL WAS ESTIMATED FROM SAN
JUAN DOPPLER RADAR NEAR LATITUDE 20.4 NORTH...LONGITUDE 66.6 WEST
OR ABOUT 140 MILES...225 KM...NORTH-NORTHWEST OF SAN JUAN PUERTO
RICO.
   
$$
FORECASTER BEVEN
 
 
NNNN
"
Hurricane,Earl,2010-08-31T10:00:00Z,"
ZCZC MIATCEAT2 ALL
TTAA00 KNHC DDHHMM
HURRICANE EARL TROPICAL CYCLONE POSITION ESTIMATE
NWS TPC/NATIONAL HURRICANE CENTER MIAMI FL   AL072010
600 AM AST TUE AUG 31 2010

AT 6 AM AST...THE CENTER OF HURRICANE EARL WAS ESTIMATED FROM SAN
JUAN DOPPLER RADAR NEAR LATITUDE 20.6 NORTH...LONGITUDE 66.9 WEST
OR ABOUT 160 MILES...260 KM...NORTH-NORTHWEST OF SAN JUAN PUERTO
RICO.
   
$$
FORECASTER BEVEN
 
 
NNNN
"
Hurricane,Earl,2010-08-31T12:00:00Z,"
ZCZC MIATCEAT2 ALL
TTAA00 KNHC DDHHMM
HURRICANE EARL TROPICAL CYCLONE POSITION ESTIMATE
NWS TPC/NATIONAL HURRICANE CENTER MIAMI FL   AL072010
800 AM AST TUE AUG 31 2010

AT 8 AM AST...THE CENTER OF HURRICANE EARL WAS ESTIMATED FROM SAN
JUAN DOPPLER RADAR NEAR LATITUDE 20.9 NORTH...LONGITUDE 67.4 WEST
OR ABOUT 190 MILES...305 KM...NORTH-NORTHWEST OF SAN JUAN PUERTO
RICO.
   
$$
FORECASTER AVILA
 
 
NNNN
"
Hurricane,Earl,2010-08-31T14:00:00Z,"
ZCZC MIATCEAT2 ALL
TTAA00 KNHC DDHHMM
HURRICANE EARL TROPICAL CYCLONE POSITION ESTIMATE
NWS TPC/NATIONAL HURRICANE CENTER MIAMI FL   AL072010
1000 AM AST TUE AUG 31 2010

AT 10 AM AST...THE CENTER OF HURRICANE EARL WAS ESTIMATED FROM AIR
FORCE RESERVE HURRICANE HUNTER AIRCRAFT DATA AND SAN JUAN DOPPLER
RADAR NEAR LATITUDE 21.0 NORTH...LONGITUDE 67.7 WEST OR ABOUT 210
MILES...335 KM...NORTH-NORTHWEST OF SAN JUAN PUERTO RICO.
   
$$
FORECASTER BERG
 
 
NNNN
"
Tropical Storm,Irene,2011-08-22T16:00:00Z,"
ZCZC MIATCEAT4 ALL
TTAA00 KNHC DDHHMM
 
TROPICAL STORM IRENE TROPICAL CYCLONE POSITION ESTIMATE
NWS NATIONAL HURRICANE CENTER MIAMI FL       AL092011
1200 AM AST MON AUG 22 2011

AT 12 AM AST...0400 UTC...THE CENTER OF STRENGTHENING TROPICAL 
STORM IRENE WAS ESTIMATED BY DOPPLER RADAR AND RECONNAISSANCE
AIRCRAFT TO BE NEAR LATITUDE 17.9 NORTH...LONGITUDE 65.5 WEST 
OR ABOUT 50 MILES SOUTHEAST OF SAN JUAN PUERTO RICO.
 
SUMMARY OF 1200 AM AST...0400 UTC...INFORMATION
--------------------------------------------------
LOCATION...17.9N 65.5W
ABOUT 50 MI...85 KM SE OF SAN JUAN PUERTO RICO
MAXIMUM SUSTAINED WINDS...70 MPH...110 KM/H
PRESENT MOVEMENT...WNW OR 285 DEGREES AT 15 MPH...24 KM/H
MINIMUM CENTRAL PRESSURE...989 MB...29.20 INCHES
 
$$
FORECASTER STEWART/BERG
 
 
NNNN
"
Tropical Storm,Irene,2011-08-22T06:00:00Z,"
ZCZC MIATCEAT4 ALL
TTAA00 KNHC DDHHMM
 
TROPICAL STORM IRENE TROPICAL CYCLONE POSITION ESTIMATE
NWS NATIONAL HURRICANE CENTER MIAMI FL       AL092011
200 AM AST MON AUG 22 2011

AT 200 AM AST...0600 UTC...THE CENTER OF TROPICAL STORM IRENE 
WAS ESTIMATED BY FAA DOPPLER RADAR AND RECONNAISSANCE AIRCRAFT 
TO BE NEAR LATITUDE 18.2 NORTH...LONGITUDE 65.9 WEST...OR ABOUT 
15 MILES SOUTH-SOUTHEAST OF SAN JUAN PUERTO RICO.
 
SUMMARY OF 200 AM AST...0600 UTC...INFORMATION
--------------------------------------------------
LOCATION...18.2N 65.9W
ABOUT 15 MI...25 KM SSE OF SAN JUAN PUERTO RICO
MAXIMUM SUSTAINED WINDS...70 MPH...110 KM/H
PRESENT MOVEMENT...WNW OR 285 DEGREES AT 15 MPH...24 KM/H
MINIMUM CENTRAL PRESSURE...989 MB...29.20 INCHES
 
$$
FORECASTER STEWART
 
 
NNNN
"
Tropical Storm,Irene,2011-08-22T08:00:00Z,"
ZCZC MIATCEAT4 ALL
TTAA00 KNHC DDHHMM
 
TROPICAL STORM IRENE TROPICAL CYCLONE POSITION ESTIMATE
NWS NATIONAL HURRICANE CENTER MIAMI FL       AL092011
400 AM AST MON AUG 22 2011

AT 400 AM AST...0800 UTC...THE CENTER OF TROPICAL STORM 
IRENE WAS ESTIMATED BY FAA DOPPLER WEATHER RADAR TO BE 
NEAR LATITUDE 18.3 NORTH...LONGITUDE 66.3 WEST...OR ABOUT 
20 MILES WEST-SOUTHWEST OF SAN JUAN PUERTO RICO AND ABOUT 
60 MILES EAST OF AGUADILLA PUERTO RICO.
 
SUMMARY OF 400 AM AST...0800 UTC...INFORMATION
--------------------------------------------------
LOCATION...18.3N 66.3W
ABOUT 20 MI...35 KM WSW OF SAN JUAN PUERTO RICO
ABOUT 60 MI...95 KM E OF AGUADILLA PUERTO RICO
MAXIMUM SUSTAINED WINDS...70 MPH...110 KM/H
PRESENT MOVEMENT...WNW OR 290 DEGREES AT 12 MPH...19 KM/H
MINIMUM CENTRAL PRESSURE...989 MB...29.20 INCHES
 
$$
FORECASTER STEWART
 
 
NNNN
"
Hurricane,Irene,2011-08-22T10:00:00Z,"
ZCZC MIATCEAT4 ALL
TTAA00 KNHC DDHHMM
 
HURRICANE IRENE TROPICAL CYCLONE POSITION ESTIMATE
NWS NATIONAL HURRICANE CENTER MIAMI FL       AL092011
600 AM AST MON AUG 22 2011

AT 600 AM AST...1000 UTC...THE CENTER OF HURRICANE 
IRENE WAS ESTIMATED BY FAA DOPPLER WEATHER RADAR TO BE 
NEAR LATITUDE 18.6 NORTH...LONGITUDE 66.6 WEST...OR ABOUT
40 MILES WEST-NORTHWEST OF SAN JUAN PUERTO RICO AND ABOUT 
40 MILES EAST-NORTHEAST OF AGUADILLA PUERTO RICO.

SUMMARY OF 600 AM AST...1000 UTC...INFORMATION
--------------------------------------------------
LOCATION...18.6N 66.6W
ABOUT 40 MI...60 KM WNW OF SAN JUAN PUERTO RICO
ABOUT 40 MI...60 KM ENE OF AGUADILLA PUERTO RICO
MAXIMUM SUSTAINED WINDS...75 MPH...120 KM/H
PRESENT MOVEMENT...WNW OR 295 DEGREES AT 14 MPH...22 KM/H
MINIMUM CENTRAL PRESSURE...987 MB...29.15 INCHES
 
$$
FORECASTER STEWART
 
 
NNNN
"
Hurricane,Irene,2011-08-22T12:00:00Z,"
ZCZC MIATCEAT4 ALL
TTAA00 KNHC DDHHMM
 
HURRICANE IRENE TROPICAL CYCLONE POSITION ESTIMATE
NWS NATIONAL HURRICANE CENTER MIAMI FL       AL092011
800 AM AST MON AUG 22 2011

AT 800 AM AST...1200 UTC...THE CENTER OF HURRICANE 
IRENE WAS ESTIMATED BY FAA DOPPLER WEATHER RADAR TO BE 
NEAR LATITUDE 18.9 NORTH...LONGITUDE 67.0 WEST...OR ABOUT
75 MILES WEST-NORTHWEST OF SAN JUAN PUERTO RICO.

SUMMARY OF 800 AM AST...1200 UTC...INFORMATION
--------------------------------------------------
LOCATION...18.9N 67.0W
ABOUT 75 MI...120 KM WNW OF SAN JUAN PUERTO RICO
MAXIMUM SUSTAINED WINDS...75 MPH...120 KM/H
PRESENT MOVEMENT...WNW OR 295 DEGREES AT 14 MPH...22 KM/H
MINIMUM CENTRAL PRESSURE...987 MB...29.15 INCHES
 
$$
FORECASTER AVILA
 
 
NNNN
"
Hurricane,Irene,2011-08-22T14:00:00Z,"
ZCZC MIATCEAT4 ALL
TTAA00 KNHC DDHHMM
 
HURRICANE IRENE TROPICAL CYCLONE POSITION ESTIMATE
NWS NATIONAL HURRICANE CENTER MIAMI FL       AL092011
1000 AM AST MON AUG 22 2011

AT 1000 AM AST...1400 UTC...THE CENTER OF HURRICANE IRENE WAS
ESTIMATED BY AN AIR FORCE RESERVE UNIT HURRICANE HUNTER AIRCRAFT
AND FAA DOPPLER WEATHER RADAR TO BE NEAR LATITUDE 19.0 NORTH...
LONGITUDE 67.3 WEST...OR ABOUT 95 MILES WEST-NORTHWEST OF SAN JUAN
PUERTO RICO.

SUMMARY OF 1000 AM AST...1400 UTC...INFORMATION
--------------------------------------------------
LOCATION...19.0N 67.3W
ABOUT 95 MI...150 KM WNW OF SAN JUAN PUERTO RICO
MAXIMUM SUSTAINED WINDS...75 MPH...120 KM/H
PRESENT MOVEMENT...WNW OR 295 DEGREES AT 14 MPH...22 KM/H
MINIMUM CENTRAL PRESSURE...987 MB...29.15 INCHES
 
$$
FORECASTER PASCH
 
 
NNNN
"
Hurricane,Irene,2011-08-27T16:00:00Z,"
ZCZC MIATCEAT4 ALL
TTAA00 KNHC DDHHMM
 
HURRICANE IRENE TROPICAL CYCLONE POSITION ESTIMATE
NWS NATIONAL HURRICANE CENTER MIAMI FL       AL092011
1200 AM EDT SAT AUG 27 2011

AT 1200 AM EDT...0400 UTC...THE CENTER OF HURRICANE IRENE WAS
ESTIMATED BY AIR FORCE RESERVE AND NOAA HURRICANE HUNTER AIRCRAFT...
AND NOAA DOPPLER WEATHER RADAR...TO BE NEAR LATITUDE 32.7 NORTH...
LONGITUDE 76.8 WEST...OR ABOUT 135 MILES SOUTH OF CAPE LOOKOUT 
NORTH CAROLINA.

RECENTLY A SUSTAINED WIND OF 56 MPH...91 KM/H...AND A GUST TO 
70 MPH...113 KM/H WAS REPORTED AT JOHNNY MERCER PIER IN WRIGHTSVILLE
BEACH NORTH CAROLINA. ALSO...A SUSTAINED WIND OF 46 MPH...74
KM/H...AND A GUST TO 54 MPH...87 KM/H WAS REPORTED AT CAPE LOOKOUT
NORTH CAROLINA.

SUMMARY OF 1200 AM EDT...0400 UTC...INFORMATION
--------------------------------------------------
LOCATION...32.7N 76.8W
ABOUT 135 MI...215 KM S OF CAPE LOOKOUT NORTH CAROLINA
MAXIMUM SUSTAINED WINDS...100 MPH...160 KM/H
PRESENT MOVEMENT...NNE OR 20 DEGREES AT 13 MPH...20 KM/H
MINIMUM CENTRAL PRESSURE...952 MB...29.11 INCHES
 
$$
FORECASTER STEWART
 
 
NNNN
"
Hurricane,Irene,2011-08-27T06:00:00Z,"
ZCZC MIATCEAT4 ALL
TTAA00 KNHC DDHHMM
 
HURRICANE IRENE TROPICAL CYCLONE POSITION ESTIMATE
NWS NATIONAL HURRICANE CENTER MIAMI FL       AL092011
200 AM EDT SAT AUG 27 2011

AT 200 AM EDT...0600 UTC...THE CENTER OF HURRICANE IRENE WAS
ESTIMATED BY NOAA DOPPLER WEATHER RADAR TO BE NEAR LATITUDE 33.4
NORTH...LONGITUDE 76.4 WEST...OR ABOUT 85 MILES SOUTH OF CAPE
LOOKOUT NORTH CAROLINA.

RECENTLY A SUSTAINED WIND OF 50 MPH...80 KM/H...AND A GUST TO 
63 MPH...101 KM/H WAS REPORTED AT A NOAA AUTOMATED BUOY IN ONSLOW
BAY NORTH CAROLINA.

SUMMARY OF 200 AM EDT...0600 UTC...INFORMATION
--------------------------------------------------
LOCATION...33.4N 76.4W
ABOUT 85 MI...135 KM S OF CAPE LOOKOUT NORTH CAROLINA
MAXIMUM SUSTAINED WINDS...100 MPH...160 KM/H
PRESENT MOVEMENT...NNE OR 20 DEGREES AT 13 MPH...20 KM/H
MINIMUM CENTRAL PRESSURE...952 MB...29.11 INCHES
 
$$
FORECASTER BEVEN
 
 
NNNN
"
Hurricane,Irene,2011-08-27T06:00:00Z,"
ZCZC MIATCEAT4 ALL
TTAA00 KNHC DDHHMM CCA
 
HURRICANE IRENE TROPICAL CYCLONE POSITION ESTIMATE...CORRECTED
NWS NATIONAL HURRICANE CENTER MIAMI FL       AL092011
200 AM EDT SAT AUG 27 2011

CORRECTED PRESSURE IN INCHES

AT 200 AM EDT...0600 UTC...THE CENTER OF HURRICANE IRENE WAS
ESTIMATED BY NOAA DOPPLER WEATHER RADAR TO BE NEAR LATITUDE 33.4
NORTH...LONGITUDE 76.4 WEST...OR ABOUT 85 MILES SOUTH OF CAPE
LOOKOUT NORTH CAROLINA.

RECENTLY A SUSTAINED WIND OF 50 MPH...80 KM/H...AND A GUST TO 
63 MPH...101 KM/H WAS REPORTED AT A NOAA AUTOMATED BUOY IN ONSLOW
BAY NORTH CAROLINA.

SUMMARY OF 200 AM EDT...0600 UTC...INFORMATION
--------------------------------------------------
LOCATION...33.4N 76.4W
ABOUT 85 MI...135 KM S OF CAPE LOOKOUT NORTH CAROLINA
MAXIMUM SUSTAINED WINDS...100 MPH...160 KM/H
PRESENT MOVEMENT...NNE OR 20 DEGREES AT 13 MPH...20 KM/H
MINIMUM CENTRAL PRESSURE...952 MB...28.11 INCHES
 
$$
FORECASTER BEVEN
 
 
NNNN
"
Hurricane,Irene,2011-08-27T08:00:00Z,"
ZCZC MIATCEAT4 ALL
TTAA00 KNHC DDHHMM
 
HURRICANE IRENE TROPICAL CYCLONE POSITION ESTIMATE
NWS NATIONAL HURRICANE CENTER MIAMI FL       AL092011
400 AM EDT SAT AUG 27 2011

AT 400 AM EDT...0800 UTC...THE CENTER OF HURRICANE IRENE WAS
ESTIMATED BY AN AIR FORCE RESERVE HURRICANE HUNTER AIRCRAFT AND
NOAA DOPPLER WEATHER RADAR TO BE NEAR LATITUDE 33.9 NORTH...
LONGITUDE 76.6 WEST...OR ABOUT 50 MILES SOUTH OF CAPE LOOKOUT NORTH
CAROLINA.

A NOAA C-MAN STATION AT CAPE LOOKOUT NORTH CAROLINA RECENTLY
REPORTED A SUSTAINED WIND OF 67 MPH...107 KM/H...AND A GUST TO 
76 MPH...122 KM/H.  A WEATHERFLOW STATION IN FORT MACON NORTH
CAROLINA RECENTLY REPORTED A WIND GUST OF 85 MPH...137 KM/H. 


SUMMARY OF 400 AM EDT...0800 UTC...INFORMATION
--------------------------------------------------
LOCATION...33.9N 76.6W
ABOUT 50 MI...80 KM S OF CAPE LOOKOUT NORTH CAROLINA
MAXIMUM SUSTAINED WINDS...90 MPH...150 KM/H
PRESENT MOVEMENT...NNE OR 20 DEGREES AT 14 MPH...22 KM/H
MINIMUM CENTRAL PRESSURE...952 MB...28.11 INCHES
 
$$
FORECASTER BRENNAN
 
 
NNNN
"
Hurricane,Irene,2011-08-27T22:00:00Z,"
ZCZC MIATCEAT4 ALL
TTAA00 KNHC DDHHMM
 
HURRICANE IRENE TROPICAL CYCLONE POSITION ESTIMATE
NWS NATIONAL HURRICANE CENTER MIAMI FL       AL092011
600 PM EDT SAT AUG 27 2011

AT 600 PM EDT...2200 UTC...THE CENTER OF HURRICANE IRENE WAS
ESTIMATED BY NOAA DOPPLER WEATHER RADAR TO BE NEAR LATITUDE 
36.4 NORTH...LONGITUDE 75.8 WEST...OR ABOUT 15 MILES NORTH OF 
DUCK NORTH CAROLINA...AND ALSO ABOUT 40 MILES SOUTHEAST OF 
NORFOLK VIRGINIA.

A NOAA C-MAN STATION AT DUCK NORTH CAROLINA RECENTLY REPORTED A
SUSTAINED WIND OF 67 MPH AND A GUST TO 79 MPH.  ALSO...A NOAA 
C-MAN STATION AT OREGON INLET NORTH CAROLINA RECENTLY REPORTED A
SUSTAINED WIND OF 58 MPH AND A GUST TO 78 MPH...AND A SUSTAINED
WIND OF 58 MPH WITH A GUST TO 74 MPH WAS MEASURED AT MANTEO NORTH
CAROLINA.


SUMMARY OF 600 PM EDT...2200 UTC...INFORMATION
--------------------------------------------------
LOCATION...36.4N 75.8W
ABOUT 40 MI...65 KM SE OF NORFOLK VIRGINIA
ABOUT 320 MI...520 KM SSW OF NEW YORK CITY
MAXIMUM SUSTAINED WINDS...80 MPH...130 KM/H
PRESENT MOVEMENT...NNE OR 15 DEGREES AT 14 MPH...22 KM/H
MINIMUM CENTRAL PRESSURE...950 MB...28.05 INCHES
 
$$
FORECASTER STEWART
 
 
NNNN
"
Hurricane,Irene,2011-08-28T00:00:00Z,"
ZCZC MIATCEAT4 ALL
TTAA00 KNHC DDHHMM
 
HURRICANE IRENE TROPICAL CYCLONE POSITION ESTIMATE
NWS NATIONAL HURRICANE CENTER MIAMI FL       AL092011
800 PM EDT SAT AUG 27 2011

AT 800 PM EDT...0000 UTC...THE CENTER OF HURRICANE IRENE WAS
ESTIMATED BY AN AIR FORCE RESERVE HURRICANE HUNTER AIRCRAFT AND 
NOAA DOPPLER WEATHER RADAR TO BE NEAR LATITUDE 36.7 NORTH...
LONGITUDE 75.7 WEST.


SUMMARY OF 800 PM EDT...0000 UTC...INFORMATION
--------------------------------------------------
LOCATION...36.7N 75.7W
ABOUT 30 MI...50 KM ESE OF NORFOLK VIRGINIA
ABOUT 300 MI...485 KM SSW OF NEW YORK CITY
MAXIMUM SUSTAINED WINDS...80 MPH...130 KM/H
PRESENT MOVEMENT...NNE OR 20 DEGREES AT 15 MPH...24 KM/H
MINIMUM CENTRAL PRESSURE...951 MB...28.08 INCHES
 
$$
FORECASTER STEWART
 
 
NNNN
"
Hurricane,Irene,2011-08-28T02:00:00Z,"
ZCZC MIATCEAT4 ALL
TTAA00 KNHC DDHHMM
 
HURRICANE IRENE TROPICAL CYCLONE POSITION ESTIMATE
NWS NATIONAL HURRICANE CENTER MIAMI FL       AL092011
1000 PM EDT SAT AUG 27 2011

AT 1000 PM EDT...0200 UTC...THE CENTER OF HURRICANE IRENE WAS
ESTIMATED BY AN AIR FORCE RESERVE HURRICANE HUNTER AIRCRAFT AND 
NOAA DOPPLER WEATHER RADAR TO BE NEAR LATITUDE 37.1 NORTH...
LONGITUDE 75.5 WEST.


SUMMARY OF 1000 PM EDT...0200 UTC...INFORMATION
--------------------------------------------------
LOCATION...37.1N 75.5W
ABOUT 85 MI...140 KM SSW OF OCEAN CITY MARYLAND
ABOUT 270 MI...435 KM SSW OF NEW YORK CITY
MAXIMUM SUSTAINED WINDS...80 MPH...130 KM/H
PRESENT MOVEMENT...NNE OR 20 DEGREES AT 16 MPH...26 KM/H
MINIMUM CENTRAL PRESSURE...952 MB...28.11 INCHES
 
$$
FORECASTER STEWART
 
 
NNNN
"
Hurricane,Isaac,2012-08-28T22:00:00Z,"
ZCZC MIATCEAT4 ALL
TTAA00 KNHC DDHHMM
 
HURRICANE ISAAC TROPICAL CYCLONE POSITION ESTIMATE
NWS NATIONAL HURRICANE CENTER MIAMI FL       AL092012
500 PM CDT TUE AUG 28 2012
 
AT 500 PM CDT...2200 UTC...THE CENTER OF HURRICANE ISAAC WAS
ESTIMATED BY NOAA DOPPLER WEATHER RADAR NEAR LATITUDE 28.7
NORTH...LONGITUDE 89.2 WEST...OR ABOUT 30 MILES SOUTH OF THE MOUTH
OF THE MISSISSIPPI RIVER...AND ABOUT 105 MILES SOUTH-SOUTHEAST OF
NEW ORLEANS LOUISIANA.

A WIND GUST TO 71 MPH WAS RECENTLY REPORTED AT BOOTHEVILLE
LOUISIANA.  A SUSTAINED WIND OF 44 MPH WITH A GUST TO 55 MPH WAS
OBSERVED WITHIN THE PAST HOUR AT LAKEFRONT AIRPORT IN NEW ORLEANS. 

A STORM SURGE OF 7.1 FEET WAS RECENTLY REPORTED AT A NATIONAL
OCEAN SERVICE TIDE GAUGE AT SHELL BEACH LOUISIANA.  A STORM SURGE
OF 4.8 FEET WAS OBSERVED AT A NATIONAL OCEAN SERVICE TIDE GAUGE IN
WAVELAND MISSISSIPPI.  


SUMMARY OF 500 PM CDT...2200 UTC...INFORMATION
--------------------------------------------------
LOCATION...28.7N 89.2W
ABOUT 30 MI...45 KM S OF THE MOUTH OF THE MISSISSIPPI RIVER
ABOUT 105 MI...170 KM SSE OF NEW ORLEANS LOUISIANA
MAXIMUM SUSTAINED WINDS...80 MPH...130 KM/H
PRESENT MOVEMENT...NW OR 310 DEGREES AT 8 MPH...13 KM/H
MINIMUM CENTRAL PRESSURE...975 MB...28.79 INCHES
 
$$
FORECASTER BROWN

 
NNNN
"
Hurricane,Isaac,2012-08-29T00:00:00Z,"
ZCZC MIATCEAT4 ALL
TTAA00 KNHC DDHHMM
 
HURRICANE ISAAC TROPICAL CYCLONE POSITION ESTIMATE
NWS NATIONAL HURRICANE CENTER MIAMI FL       AL092012
700 PM CDT TUE AUG 28 2012
 
...ISAAC MAKES LANDFALL IN EXTREME SOUTHEASTERN LOUISIANA...
...STRONG WINDS AND A DANGEROUS STORM SURGE OCCURRING ALONG THE
NORTHERN GULF COAST... 

NOAA DOPPLER RADAR INDICATES THAT HURRICANE ISAAC MADE LANDFALL
ALONG THE COAST OF SOUTHEAST LOUISIANA IN PLAQUEMINES PARISH JUST
SOUTHWEST OF THE MOUTH OF THE MISSISSIPPI RIVER AT 645 PM CDT...
2345 UTC...WITH MAXIMUM SUSTAINED WINDS OF 80 MPH...130 KM/H.

AT 700 PM CDT...0000 UTC...THE CENTER OF HURRICANE ISAAC WAS
ESTIMATED BY NOAA DOPPLER WEATHER RADAR NEAR LATITUDE 29.0
NORTH...LONGITUDE 89.4 WEST...OR ABOUT 10 MILES SOUTHWEST OF THE
MOUTH OF THE MISSISSIPPI RIVER...AND ABOUT 90 MILES SOUTHEAST OF
NEW ORLEANS LOUISIANA.

A SUSTAINED WIND OF 45 MPH WITH A GUST TO 62 MPH WAS OBSERVED WITHIN
THE PAST HOUR AT LAKEFRONT AIRPORT IN NEW ORLEANS. A WIND GUST TO
56 MPH WAS RECENTLY REPORTED AT GALLIANO LOUISIANA.

A STORM SURGE OF 8.8 FEET WAS RECENTLY REPORTED AT A NATIONAL
OCEAN SERVICE TIDE GAUGE AT SHELL BEACH LOUISIANA.  A STORM SURGE
OF 5.5 FEET WAS OBSERVED AT A NATIONAL OCEAN SERVICE TIDE GAUGE IN
WAVELAND MISSISSIPPI.  


SUMMARY OF 700 PM CDT...0000 UTC...INFORMATION
--------------------------------------------------
LOCATION...29.0N 89.4W
ABOUT 10 MI...15 KM SW OF THE MOUTH OF THE MISSISSIPPI RIVER
ABOUT 90 MI...140 KM SE OF NEW ORLEANS LOUISIANA
MAXIMUM SUSTAINED WINDS...80 MPH...130 KM/H
PRESENT MOVEMENT...NW OR 315 DEGREES AT 8 MPH...13 KM/H
MINIMUM CENTRAL PRESSURE...970 MB...28.64 INCHES
 
$$
FORECASTER BROWN/BRENNAN

 
NNNN
"
Hurricane,Isaac,2012-08-29T02:00:00Z,"
ZCZC MIATCEAT4 ALL
TTAA00 KNHC DDHHMM
 
HURRICANE ISAAC TROPICAL CYCLONE POSITION ESTIMATE
NWS NATIONAL HURRICANE CENTER MIAMI FL       AL092012
900 PM CDT TUE AUG 28 2012
 
...CENTER OF ISAAC OVER WATER AGAIN...
...HEAVY RAINS...HIGH WINDS...AND STORM SURGE FLOODING CONTINUE... 

AIRCRAFT AND RADAR DATA INDICATE THAT THE EYE OF ISAAC HAS WOBBLED
WESTWARD DURING THE LAST COUPLE OF HOURS...AND THE CENTER IS NOW
BACK OVER WATER TO THE WEST OF THE MOUTH OF THE MISSISSIPPI RIVER.

AT 900 PM CDT...0200 UTC...THE CENTER OF HURRICANE ISAAC WAS
ESTIMATED BY NOAA DOPPLER WEATHER RADAR NEAR LATITUDE 28.9 NORTH...
LONGITUDE 89.7 WEST...OR ABOUT 80 MILES SOUTH-SOUTHEAST OF NEW
ORLEANS LOUISIANA...OR ABOUT 75 MILES SOUTHEAST OF HOUMA LOUISIANA.

A SUSTAINED WIND OF 46 MPH WITH A GUST TO 67 MPH WAS JUST OBSERVED
AT LAKEFRONT AIRPORT IN NEW ORLEANS. A SUSTAINED WIND OF 67 MPH
WITH A GUST TO 85 MPH WAS RECENTLY REPORTED AT THE NATIONAL OCEAN
SERVICE AUTOMATED STATION IN GRAND ISLE LOUISIANA. IN ADDITION...A
WIND GUST TO 71 MPH WAS RECENTLY REPORTED AT GALLIANO LOUISIANA.

A STORM SURGE OF 9.9 FEET WAS RECENTLY REPORTED AT A NATIONAL
OCEAN SERVICE TIDE GAUGE AT SHELL BEACH LOUISIANA.  A STORM SURGE
OF 6.2 FEET WAS OBSERVED AT A NATIONAL OCEAN SERVICE TIDE GAUGE IN
WAVELAND MISSISSIPPI.  


SUMMARY OF 900 PM CDT...0200 UTC...INFORMATION
--------------------------------------------------
LOCATION...28.9N 89.7W
ABOUT 80 MI...130 KM SSE OF NEW ORLEANS LOUISIANA
ABOUT 75 MI...120 KM SE OF HOUMA LOUISIANA
MAXIMUM SUSTAINED WINDS...80 MPH...130 KM/H
PRESENT MOVEMENT...NW OR 310 DEGREES AT 8 MPH...13 KM/H
MINIMUM CENTRAL PRESSURE...968 MB...28.58 INCHES
 
$$
FORECASTER KIMBERLAIN/BERG

 
NNNN
"
Hurricane,Isaac,2012-08-29T04:00:00Z,"
ZCZC MIATCEAT4 ALL
TTAA00 KNHC DDHHMM
 
HURRICANE ISAAC TROPICAL CYCLONE POSITION ESTIMATE
NWS NATIONAL HURRICANE CENTER MIAMI FL       AL092012
1100 PM CDT TUE AUG 28 2012

AT 1100 PM CDT...0400 UTC...THE CENTER OF HURRICANE ISAAC WAS
ESTIMATED BY AIRCRAFT AND NOAA DOPPLER WEATHER RADAR NEAR LATITUDE
29.1 NORTH...LONGITUDE 89.9 WEST...OR ABOUT 65 MILES SOUTH OF NEW
ORLEANS LOUISIANA...AND ABOUT 60 MILES SOUTHEAST OF HOUMA
LOUISIANA.

A SUSTAINED WIND OF 51 MPH WITH A GUST TO 81 MPH WAS RECENTLY
REPORTED AT BOOTHVILLE LOUISIANA.  A SUSTAINED WIND OF 51 MPH WITH
A GUST TO 67 MPH WAS RECENTLY REPORTED AT LAKEFRONT AIRPORT IN NEW
ORLEANS.  A SUSTAINED WIND OF 45 MPH WITH A GUST TO 60 MPH WAS
RECENTLY REPORTED AT NEW ORLEANS INTERNATIONAL AIRPORT.  A
SUSTAINED WIND OF 64 MPH WITH A GUST TO 78 MPH WAS RECENTLY
OBSERVED AT SHELL BEACH LOUISIANA.

A STORM SURGE OF 11.0 FEET WAS RECENTLY REPORTED AT A NATIONAL
OCEAN SERVICE TIDE GAUGE AT SHELL BEACH LOUISIANA.  A STORM SURGE
OF 6.9 FEET WAS OBSERVED AT A NATIONAL OCEAN SERVICE TIDE GAUGE IN
WAVELAND MISSISSIPPI.  

SUMMARY OF 1100 PM CDT...0400 UTC...INFORMATION
--------------------------------------------------
LOCATION...29.1N 89.9W
ABOUT 65 MI...100 KM S OF NEW ORLEANS LOUISIANA
ABOUT 60 MI... 95 KM SE OF HOUMA LOUISIANA
MAXIMUM SUSTAINED WINDS...80 MPH...130 KM/H
PRESENT MOVEMENT...NW OR 310 DEGREES AT 8 MPH...13 KM/H
MINIMUM CENTRAL PRESSURE...968 MB...28.58 INCHES
 
$$
FORECASTER PASCH/ROBERTS

 
NNNN
"
Hurricane,Isaac,2012-08-29T06:00:00Z,"
ZCZC MIATCEAT4 ALL
TTAA00 KNHC DDHHMM
 
HURRICANE ISAAC TROPICAL CYCLONE POSITION ESTIMATE
NWS NATIONAL HURRICANE CENTER MIAMI FL       AL092012
100 AM CDT WED AUG 29 2012

...CENTER OF ISAAC STILL OVER WATER...

AT 100 AM CDT...0600 UTC...THE CENTER OF HURRICANE ISAAC WAS
ESTIMATED NEAR LATITUDE 29.0 NORTH...LONGITUDE 90.0 WEST...OR ABOUT
60 MILES SOUTHEAST OF HOUMA LOUISIANA...AND ABOUT 70 MILES SOUTH OF
NEW ORLEANS LOUISIANA.  ISAAC HAS MOVED LITTLE OVER THE PAST COUPLE
OF HOURS...BUT A SLOW NORTHWESTWARD MOTION IS EXPECTED TO RESUME
LATER THIS MORNING.

A SUSTAINED WIND OF 62 MPH WITH A GUST TO 71 MPH WAS RECENTLY
REPORTED AT SHELL BEACH LOUISIANA.  A SUSTAINED WIND OF 57 MPH WITH
A GUST TO 79 MPH WAS REPORTED WITHIN THE PAST HOUR AT PILOTTOWN
LOUISIANA.  A SUSTAINED WIND OF 54 MPH WITH A GUST TO 68 MPH WAS
REPORTED AT NEW CANAL STATION IN NEW ORLEANS.  A WIND GUST TO 80
MPH WAS REPORTED BY A HAM RADIO OPERATOR AT ALGIERS IN JEFFERSON
PARISH LOUISIANA. 

A STORM SURGE OF 4.3 FEET WAS RECENTLY REPORTED AT A NATIONAL OCEAN
SERVICE TIDE GAUGE AT NEW CANAL STATION ON THE SOUTH SHORE OF LAKE
PONTCHARTRAIN.   

SUMMARY OF 100 AM CDT...0600 UTC...INFORMATION
--------------------------------------------------
LOCATION...29.0N 90.0W
ABOUT 60 MI... 95 KM SE OF HOUMA LOUISIANA
ABOUT 70 MI...110 KM S OF NEW ORLEANS LOUISIANA
MAXIMUM SUSTAINED WINDS...80 MPH...130 KM/H
PRESENT MOVEMENT...STATIONARY
MINIMUM CENTRAL PRESSURE...969 MB...28.61 INCHES
 
$$
FORECASTER PASCH/ROBERTS
 
NNNN
"
Hurricane,Isaac,2012-08-29T08:00:00Z,"
ZCZC MIATCEAT4 ALL
TTAA00 KNHC DDHHMM
 
HURRICANE ISAAC TROPICAL CYCLONE POSITION ESTIMATE
NWS NATIONAL HURRICANE CENTER MIAMI FL       AL092012
300 AM CDT WED AUG 29 2012

...CENTER OF ISAAC MAKES SECOND LANDFALL... 

REPORTS FROM AN AIR FORCE HURRICANE HUNTER AIRCRAFT AND NOAA RADAR
INDICATE THAT ISAAC MADE A SECOND LANDFALL ALONG THE COAST OF
SOUTHEAST LOUISIANA JUST WEST OF PORT FOURCHON AROUND 215 AM
CDT...0715 UTC...WITH MAXIMUM SUSTAINED WINDS OF 80 MPH...130 KM/H.

AT 300 AM CDT...0800 UTC...THE CENTER OF HURRICANE ISAAC WAS
ESTIMATED NEAR LATITUDE 29.2 NORTH...LONGITUDE 90.4 WEST...OR ABOUT
35 MILES SOUTH-SOUTHEAST OF HOUMA LOUISIANA...AND ABOUT 60 MILES
SOUTH-SOUTHWEST OF NEW ORLEANS LOUISIANA.  ISAAC HAS BEGUN TO MOVE
WEST-NORTHWESTWARD NEAR 8 MPH...13 KM/H...AND A GENERAL
NORTHWESTWARD MOTION AT A SLOWER FORWARD SPEED IS EXPECTED LATER
TODAY.

A SUSTAINED WIND OF 49 MPH WITH A GUST TO 78 MPH WAS RECENTLY
REPORTED AT BOOTHVILLE.

SUMMARY OF 300 AM CDT...0800 UTC...INFORMATION
--------------------------------------------------
LOCATION...29.2N 90.4W
ABOUT 35 MI...55 KM SSE OF HOUMA LOUISIANA
ABOUT 60 MI...95 KM SSW OF NEW ORLEANS LOUISIANA
MAXIMUM SUSTAINED WINDS...80 MPH...130 KM/H
PRESENT MOVEMENT...WNW OR 300 DEGREES AT 8 MPH...13 KM/H
MINIMUM CENTRAL PRESSURE...966 MB...28.53 INCHES
 
$$
FORECASTER PASCH/ROBERTS
 
NNNN
"
Hurricane,Isaac,2012-08-29T08:00:00Z,"
ZCZC MIATCEAT4 ALL
TTAA00 KNHC DDHHMM CCA
 
HURRICANE ISAAC TROPICAL CYCLONE POSITION ESTIMATE...CORRECTED
NWS NATIONAL HURRICANE CENTER MIAMI FL       AL092012
300 AM CDT WED AUG 29 2012

CORRECTED MINIMUM CENTRAL PRESSURE

...CENTER OF ISAAC MAKES SECOND LANDFALL... 

REPORTS FROM AN AIR FORCE HURRICANE HUNTER AIRCRAFT AND NOAA RADAR
INDICATE THAT ISAAC MADE A SECOND LANDFALL ALONG THE COAST OF
SOUTHEAST LOUISIANA JUST WEST OF PORT FOURCHON AROUND 215 AM
CDT...0715 UTC...WITH MAXIMUM SUSTAINED WINDS OF 80 MPH...130 KM/H.

AT 300 AM CDT...0800 UTC...THE CENTER OF HURRICANE ISAAC WAS
ESTIMATED NEAR LATITUDE 29.2 NORTH...LONGITUDE 90.4 WEST...OR ABOUT
35 MILES SOUTH-SOUTHEAST OF HOUMA LOUISIANA...AND ABOUT 60 MILES
SOUTH-SOUTHWEST OF NEW ORLEANS LOUISIANA.  ISAAC HAS BEGUN TO MOVE
WEST-NORTHWESTWARD NEAR 8 MPH...13 KM/H...AND A GENERAL
NORTHWESTWARD MOTION AT A SLOWER FORWARD SPEED IS EXPECTED LATER
TODAY.

A SUSTAINED WIND OF 49 MPH WITH A GUST TO 78 MPH WAS RECENTLY
REPORTED AT BOOTHVILLE.

SUMMARY OF 300 AM CDT...0800 UTC...INFORMATION
--------------------------------------------------
LOCATION...29.2N 90.4W
ABOUT 35 MI...55 KM SSE OF HOUMA LOUISIANA
ABOUT 60 MI...95 KM SSW OF NEW ORLEANS LOUISIANA
MAXIMUM SUSTAINED WINDS...80 MPH...130 KM/H
PRESENT MOVEMENT...WNW OR 300 DEGREES AT 8 MPH...13 KM/H
MINIMUM CENTRAL PRESSURE...969 MB...28.61 INCHES
 
$$
FORECASTER PASCH/ROBERTS
 
NNNN
"
Hurricane,Isaac,2012-08-29T10:00:00Z,"
ZCZC MIATCEAT4 ALL
TTAA00 KNHC DDHHMM
 
HURRICANE ISAAC TROPICAL CYCLONE POSITION ESTIMATE
NWS NATIONAL HURRICANE CENTER MIAMI FL       AL092012
500 AM CDT WED AUG 29 2012

...CENTER OF ISAAC MOVING JUST INLAND OVER SOUTHEASTERN LOUISIANA... 

AT 500 AM CDT...1000 UTC...THE CENTER OF HURRICANE ISAAC WAS
ESTIMATED NEAR LATITUDE 29.3 NORTH...LONGITUDE 90.6 WEST...OR ABOUT
35 MILES SOUTH-SOUTHEAST OF HOUMA LOUISIANA...AND ABOUT 55 MILES
SOUTH-SOUTHWEST OF NEW ORLEANS LOUISIANA.  ISAAC IS MOVING TOWARD
THE WEST-NORTHWEST NEAR 6 MPH...9 KM/H...AND A GENERAL
NORTHWESTWARD MOTION IS EXPECTED LATER TODAY.

A SUSTAINED WIND OF 52 MPH WITH A GUST TO 74 MPH WAS RECENTLY
REPORTED AT NEW ORLEANS NAVAL AIR STATION.

SUMMARY OF 500 AM CDT...1000 UTC...INFORMATION
--------------------------------------------------
LOCATION...29.3N 90.6W
ABOUT 35 MI...55 KM SSE OF HOUMA LOUISIANA
ABOUT 55 MI...90 KM SSW OF NEW ORLEANS LOUISIANA
MAXIMUM SUSTAINED WINDS...80 MPH...130 KM/H
PRESENT MOVEMENT...WNW OR 300 DEGREES AT 6 MPH...9 KM/H
MINIMUM CENTRAL PRESSURE...969 MB...28.61 INCHES
 
$$
FORECASTER PASCH/ROBERTS
 
NNNN
"
Hurricane,Isaac,2012-08-29T12:00:00Z,"
ZCZC MIATCEAT4 ALL
TTAA00 KNHC DDHHMM
 
HURRICANE ISAAC TROPICAL CYCLONE POSITION ESTIMATE
NWS NATIONAL HURRICANE CENTER MIAMI FL       AL092012
700 AM CDT WED AUG 29 2012

...CENTER OF ISAAC WOBBLING INLAND OVER SOUTHEASTERN LOUISIANA... 

AT 700 AM CDT...1200 UTC...THE CENTER OF HURRICANE ISAAC WAS
ESTIMATED NEAR LATITUDE 29.4 NORTH...LONGITUDE 90.5 WEST...OR 
NEAR GALLIANO LOUISIANA. THIS IS ALSO ABOUT 20 MILES SOUTHEAST OF
HOUMA LOUISIANA AND ABOUT 50 MILES SOUTH-SOUTHWEST OF NEW ORLEANS
LOUISIANA. ISAAC IS HAS BEEN STATIONARY DURING THE PAST HOUR...BUT
A GENERAL MOTION TOWARD THE NORTHWEST NEAR 6 MPH...9 KM/H...IS
EXPECTED TO RESUME LATER THIS MORNING.

A SUSTAINED WIND OF 55 MPH WITH A GUST TO 70 MPH WAS RECENTLY
REPORTED AT NEW ORLEANS LAKEFRONT AIRPORT.

SUMMARY OF 700 AM CDT...1200 UTC...INFORMATION
--------------------------------------------------
LOCATION...29.4N 90.5W
ABOUT 20 MI...30 KM SE OF HOUMA LOUISIANA
ABOUT 50 MI...75 KM SSW OF NEW ORLEANS LOUISIANA
MAXIMUM SUSTAINED WINDS...80 MPH...130 KM/H
PRESENT MOVEMENT...NW OR 310 DEGREES AT 6 MPH...9 KM/H
MINIMUM CENTRAL PRESSURE...970 MB...28.64 INCHES
 
$$
FORECASTER STEWART/BEVEN/ZELINSKY
 
NNNN
"
Hurricane,Isaac,2012-08-29T14:00:00Z,"
ZCZC MIATCEAT4 ALL
TTAA00 KNHC DDHHMM
 
HURRICANE ISAAC TROPICAL CYCLONE POSITION ESTIMATE
NWS NATIONAL HURRICANE CENTER MIAMI FL       AL092012
900 AM CDT WED AUG 29 2012

...ISAAC WEAKENS SLIGHTLY AS IT MOVES SLOWLY INLAND OVER
SOUTHEASTERN LOUISIANA... 

AT 900 AM CDT...1400 UTC...THE CENTER OF HURRICANE ISAAC WAS
ESTIMATED NEAR LATITUDE 29.6 NORTH...LONGITUDE 90.6 WEST...OR ABOUT
5 MILES EAST OF HOUMA LOUISIANA AND ABOUT 50 MILES SOUTH-SOUTHWEST
OF NEW ORLEANS LOUISIANA. ISAAC IS MOVING TOWARD THE NORTHWEST NEAR
6 MPH...9 KM/H...AND THIS GENERAL MOTION IS EXPECTED TO CONTINUE
THROUGH TONIGHT.

A SUSTAINED WIND OF 53 MPH WITH A GUST TO 65 MPH WAS RECENTLY
REPORTED AT SHELL BEACH LOUISIANA. TROPICAL STORM CONDITIONS ALSO
CONTINUE ALONG THE MISSISSIPPI AND ALABAMA COASTS.

SUMMARY OF 900 AM CDT...1400 UTC...INFORMATION
--------------------------------------------------
LOCATION...29.6N 90.6W
ABOUT 5 MI...10 KM E OF HOUMA LOUISIANA
ABOUT 40 MI...65 KM SW OF NEW ORLEANS LOUISIANA
MAXIMUM SUSTAINED WINDS...75 MPH...120 KM/H
PRESENT MOVEMENT...NW OR 310 DEGREES AT 6 MPH...9 KM/H
MINIMUM CENTRAL PRESSURE...972 MB...28.70 INCHES
 
$$
FORECASTER STEWART/BEVEN/ZELINSKY
 
NNNN
"
Hurricane,Isaac,2012-08-29T16:00:00Z,"
ZCZC MIATCEAT4 ALL
TTAA00 KNHC DDHHMM
 
HURRICANE ISAAC TROPICAL CYCLONE POSITION ESTIMATE
NWS NATIONAL HURRICANE CENTER MIAMI FL       AL092012
1100 AM CDT WED AUG 29 2012

...ISAAC CONTINUES TO MOVE SLOWLY INLAND OVER SOUTHEASTERN
LOUISIANA...HEAVY SQUALLS LASHING NEW ORELANS AND THE MISSISSIPPI
COAST...

AT 1100 AM CDT...1600 UTC...THE CENTER OF HURRICANE ISAAC WAS
ESTIMATED NEAR LATITUDE 29.6 NORTH...LONGITUDE 90.7 WEST...OR VERY
NEAR HOUMA LOUISIANA...AND ABOUT 45 MILES SOUTHWEST OF NEW ORLEANS
LOUISIANA. ISAAC IS MOVING TOWARD THE NORTHWEST NEAR 6 MPH...9
KM/H...AND THIS GENERAL MOTION IS EXPECTED TO CONTINUE THROUGH
TONIGHT.

A GUST TO 67 MPH WAS RECENTLY REPORTED AT SHELL BEACH LOUISIANA.
TROPICAL STORM CONDITIONS CONTINUE ALONG THE MISSISSIPPI AND
ALABAMA COASTS.

SUMMARY OF 1100 AM CDT...1600 UTC...INFORMATION
--------------------------------------------------
LOCATION...29.6N 90.7W
ABOUT 1 MI...2 KM W OF HOUMA LOUISIANA
ABOUT 45 MI...75 KM SW OF NEW ORLEANS LOUISIANA
MAXIMUM SUSTAINED WINDS...75 MPH...120 KM/H
PRESENT MOVEMENT...NW OR 310 DEGREES AT 6 MPH...9 KM/H
MINIMUM CENTRAL PRESSURE...972 MB...28.70 INCHES
 
$$
FORECASTER STEWART/BEVEN/ZELINSKY
 
NNNN
"
Hurricane,Isaac,2012-08-29T18:00:00Z,"
ZCZC MIATCEAT4 ALL
TTAA00 KNHC DDHHMM
 
HURRICANE ISAAC TROPICAL CYCLONE POSITION ESTIMATE
NWS NATIONAL HURRICANE CENTER MIAMI FL       AL092012
100 PM CDT WED AUG 29 2012

...ISAAC MOVING SLOWLY NORTHWESTWARD ACROSS SOUTHEASTERN
LOUISIANA...HEAVY SQUALLS CONTINUE TO LASH NEW ORLEANS AND THE
MISSISSIPPI GULF COAST...

AT 100 PM CDT...1800 UTC...THE CENTER OF HURRICANE ISAAC WAS
ESTIMATED BY NOAA DOPPLER WEATHER RADAR TO BE NEAR LATITUDE 29.8
NORTH...LONGITUDE 90.8 WEST...OR ABOUT 45 MILES SOUTHWEST OF NEW
ORLEANS LOUISIANA AND ABOUT 55 MILES SOUTH-SOUTHEAST OF BATON 
ROUGE LOUISIANA. ISAAC IS MOVING TOWARD THE NORTHWEST NEAR 6 MPH...
9 KM/H...AND THIS GENERAL MOTION IS EXPECTED TO CONTINUE THROUGH
TONIGHT.

A WIND GUST TO 70 MPH WAS RECENTLY REPORTED AT GULFPORT MISSISSIPPI.

SUMMARY OF 100 PM CDT...1800 UTC...INFORMATION
--------------------------------------------------
LOCATION...29.8N 90.8W
ABOUT 45 MI...70 KM SW OF NEW ORLEANS LOUISIANA
ABOUT 55 MI...90 KM SSE OF BATON ROUGE LOUISIANA
MAXIMUM SUSTAINED WINDS...75 MPH...120 KM/H
PRESENT MOVEMENT...NW OR 310 DEGREES AT 6 MPH...9 KM/H
MINIMUM CENTRAL PRESSURE...974 MB...28.76 INCHES
 
$$
FORECASTER STEWART/BEVEN/ZELINSKY
 
NNNN
"
Tropical Storm,Isaac,2012-08-29T20:00:00Z,"
ZCZC MIATCEAT4 ALL
TTAA00 KNHC DDHHMM
 
TROPICAL STORM ISAAC TROPICAL CYCLONE POSITION ESTIMATE
NWS NATIONAL HURRICANE CENTER MIAMI FL       AL092012
300 PM CDT WED AUG 29 2012

...ISAAC CONTINUES TO LASH NEW ORLEANS AND THE MISSISSIPPI GULF
COAST WITH VERY HEAVY SQUALLS...

AT 300 PM CDT...2000 UTC...THE CENTER OF TROPICAL STORM ISAAC WAS
ESTIMATED BY NOAA DOPPLER WEATHER RADAR TO BE NEAR LATITUDE 29.9
NORTH...LONGITUDE 90.9 WEST...OR ABOUT 45 MILES SOUTH-SOUTHEAST OF
BATON ROUGE LOUISIANA AND ABOUT 50 MILES WEST OF NEW ORLEANS
LOUISIANA. ISAAC IS MOVING TOWARD THE NORTHWEST NEAR 6 MPH... 
9 KM/H...AND THIS GENERAL MOTION IS EXPECTED TO CONTINUE THROUGH
TONIGHT.

DURING THE PAST HOUR...A WIND GUST TO 70 MPH WAS REPORTED AT MARSH
ISLAND LOUISIANA AND A GUST TO 67 MPH WAS REPORTED AT GULFPORT
MISSISSIPPI.

SUMMARY OF 300 PM CDT...2000 UTC...INFORMATION
--------------------------------------------------
LOCATION...29.9N 90.9W
ABOUT 45 MI...75 KM SSE OF BATON ROUGE LOUISIANA
ABOUT 50 MI...80 KM W OF NEW ORLEANS LOUISIANA
MAXIMUM SUSTAINED WINDS...70 MPH...110 KM/H
PRESENT MOVEMENT...NW OR 310 DEGREES AT 6 MPH...9 KM/H
MINIMUM CENTRAL PRESSURE...975 MB...28.79 INCHES
 
$$
FORECASTER STEWART/ZELINSKY
 
NNNN
"
